Player;race
Tino Kadewere;1
Marshall Munetsi;1
Per Mertesacker;0
Stoppila Sunzu;1
Rabbi Matondo;0
Gareth Bale;0
Darwin Machís;1
Lucas Torreira;0
Roberto Rosales;1
Tomás Rincón;1
Jack Wilshere;0
Alexandre Lacazette;1
Yangel Herrera;1
Christian Santos;1
Aristóteles Romero;1
Bukayo Saka;1
Héctor Bellerín;0
Dani Ceballos;0
Yordan Osorio;1
Nacho Monreal;0
Adalberto Peñaranda;1
Mohamed Elneny;1
Sergio Córdova;0
Kieran Tierney;0
Jhonder Cádiz;1
Mesut Özil;0
Oswaldo Vizcarrondo;0
Jhon Chancellor;0
Eldor Shomurodov;0
Eddie Nketiah;1
Nahitan Nández;0
Marcelo Saracchi;0
Alfonso Espino;0
Damián Suárez;0
Sebastián Cristóforo;0
Facundo Pellistri;0
Matías Aguirregaray;0
Aaron Ramsey;0
Mauro Arambarri;0
Calum Chambers;0
Alex Iwobi;1
Lucas Olaza;0
Shkodran Mustafi;0
Gastón Brugman;0
Michael Santos;0
Mattéo Guendouzi;0
Diego Rolán;1
Diego Laxalt;0
Christian Oliva;0
Chory Castro;0
Federico Ricca;0
Martín Cáceres;0
Luis Suárez;0
Mathías Suárez;0
Maximiliano Olivera;0
Danny Welbeck;1
Nicolás Schiappacasse;0
Carl Jenkinson;0
Gastón Ramírez;0
Granit Xhaka;0
Joaquín Ardaiz;0
Ramiro Guerra;0
Edinson Cavani;0
Cristhian Stuani;0
Emiliano Velázquez;0
José María Giménez;0
Erick Cabaco;0
Gastón Silva;0
Maxi Gómez;0
Gabriel Fernández;0
Joe Willock;1
Laurent Koscielny;0
Diego Godín;0
Rodrigo Bentancur;0
Matías Vecino;0
Rob Holding;0
Mauricio Lemos;1
Facundo Píriz;0
Ronald Araújo;1
Gastón Pereiro;0
Leandro Cabrera;0
Agustín Rogel;0
Felipe Avenatti;0
Tyler Adams;1
Sergiño Dest;1
Weston McKennie;1
Yunus Musah;1
Bobby Wood;1
Caleb Stanko;0
Fabian Johnson;0
Alfredo Morales;0
Sebastian Soto;0
Aron Jóhannsson;0
Timothy Weah;1
Josh Sargent;0
Bryan Reynolds;0
Timothy Chandler;1
Pablo Marí;0
Chris Richards;1
Matthew Hoppe;0
Khiry Shelton;1
Indiana Vassilev;0
Neil Taylor;0
Marvelous Nakamba;1
Matt Miazga;0
Haji Wright;0
Ruslan Malinovskyi;0
Douglas Luiz;1
John McGinn;0
Jack Grealish;0
Viktor Kovalenko;0
Vasyl Kravets;0
Ollie Watkins;1
Maksym Koval;0
Andriy Yarmolenko;0
Yusuf Sari;0
Emre Mor;0
Cengiz Ünder;0
Serdar Gürler;0
Umut Bozok;0
Jacob Ramsey;0
Conor Hourihane;0
Onur Bulut;0
Berkay Özcan;0
Ahmed Kutucu;0
Mert Müldür;0
Kaan Ayhan;0
Ozan Kabak;0
Ömer Toprak;0
Ahmed Elmohamady;1
Enes Ünal;0
Ezri Konsa;1
Kenan Karaman;0
Merih Demiral;0
Naïm Sliti;0
Bassem Srarfi;0
Chaouki Ben Saada;0
Mohamed Dräger;0
Mohamed Gouaida;0
Saîf-Eddine Khaoui;0
Wahbi Khazri;0
Oussama Haddadi;0
Ellyes Skhiri;0
Dylan Bronn;0
Aymen Abdennour;1
John Bostock;1
Mathieu Dossevi;1
Matt Targett;0
Mbwana Samatta;1
Serge Gakpé;1
Djené;1
Alaixys Romao;1
Ihlas Bebou;1
Gilles Sunu;1
Loïc Bessile;1
Renato Steffen;0
Kevin Rüegg;0
Nishan Burkart;0
Jordan Lotomba;1
Pirmin Schwegler;0
Dereck Kutesa;1
Nicolas Haas;0
Valentin Stocker;0
Remo Freuler;0
Ricardo Rodríguez;0
Cédric Brunner;0
Fabian Lustenberger;0
François Moubandje;0
Gelson Fernandes;1
Vasilije Janjicic;0
Henri Lansbury;0
Saidy Janko;1
Joel Untersee;0
Matty Cash;0
Silvan Widmer;0
Borja Bastón;0
Steven Zuber;0
Dimitri Oberlin;0
Stephan Lichtsteiner;0
Anwar El Ghazi;1
Admir Mehmedi;0
Fabian Frei;0
Vincent Rüfli;0
Ulisses Garcia;0
Djibril Sow;1
Kevin Mbabu;1
Dan Ndoye;1
Loris Benito;0
Valon Behrami;0
Michael Lang;0
Vincent Sierro;0
Manuel Akanji;1
Breel Embolo;1
Jonathan Kodjia;1
Keinan Davis;1
Kortney Hause;1
Simon Sohm;0
Nico Elvedi;0
Denis Zakaria;1
Edimilson Fernandes;1
Johan Djourou;1
Björn Engels;0
Léo Lacroix;1
Jack Lahne;0
Tyrone Mings;1
Niclas Eliasson;0
Samuel Armenteros;1
Emil Forsberg;0
Ken Sema;1
Riccardo Gagliolo;0
Jimmy Durmaz;0
Ludwig Augustinsson;0
Oscar Wendt;0
Johan Larsson;0
Marcus Rohdén;0
Robin Quaison;1
Oscar Hiljemark;0
Mattias Svanberg;0
John Guidetti;0
Mikael Ishak;0
Joakim Nilsson;0
Ryan Fraser;0
Emerson Hyndman;0
Jermain Defoe;1
Branimir Hrgota;0
David Brooks;0
Dejan Kulusevski;0
Albin Ekdal;0
Harry Wilson;0
Jakob Johansson;0
Adam Smith;0
Samuel Gustafson;0
Isaac Kiese Thelin;0
Ola Toivonen;0
Svante Ingelsson;0
Sebastian Andersson;0
Alexander Isak;1
Filip Helander;0
Sheraldo Becker;1
Lewis Cook;0
José Alonso Lara;0
Jairo Izquierdo;0
Portu;0
Óscar Melendo;0
Manu Vallejo;0
Jordon Ibe;1
Álvaro García;0
Luca Sangalli;0
Víctor Rodríguez;0
Santi Cazorla;0
Harry Arter;0
Charlie Daniels;0
Ariday Cabrera;0
Joan Monterde;0
Riqui Puig;0
Iker Muniain;0
Manu García;0
Francisco Portillo;0
Tana;0
Rubén Castro;0
Andrew Surman;0
Nino;0
Juan Bernat;0
Unai López;0
Jefferson Lerma;1
Jordi Alba;0
Rubén Peña;0
David Ferreiro;0
Germán Valera;0
Nacho Gil;0
Sergio Bermejo;0
Angeliño;0
Brahim Díaz;0
Andrés Iniesta;0
Rubén García;0
Jaume Costa;0
Jonathan Viera;0
Toni Lato;0
Ángel Rodríguez;0
José Pozo;0
Sergio Gómez;0
Carles Gil;0
Héctor Hernández;0
Julio Gracia;0
Fran Beltrán;0
Yeremi Pino;0
Pablo Maffeo;0
Juanmi;0
Javi Galán;0
Sergi Palencia;0
Jesús Navas;0
Toni Villa;0
Aleix Febas;0
Matías Nahuel;0
Joaquín Muñoz;0
Lucas Vázquez;0
Jorge de Frutos;0
Carles Pérez;0
Alberto Soro;0
Aleix García;0
Sergio Arribas;0
Callum Wilson;1
Jairo Samperio;0
Dan Gosling;0
Brandon;0
Fran Mérida;0
Luis Pérez;0
Rafa Navarro;0
Jack Stacey;0
Pablo Sarabia;0
Marc Pugh;0
Benik Afobe;1
Diego Rico;0
Hugo Mallo;0
Junior Stanislas;0
Iago Falque;0
Pedri;0
Andoni Gorosabel;0
Carlos Neva;0
Steve Cook;0
Víctor Sánchez;0
Dominic Solanke;1
Joshua King;1
Lloyd Kelly;0
Jack Simpson;0
Ager Aketxe;0
Sam Surridge;0
Chris Mepham;0
Álvaro Tejero;0
Víctor Campuzano;0
Simon Francis;0
Rodrigo Riquelme;0
Borja Sainz;0
Pablo Hervías;0
Sergio García;0
Philip Billing;1
Tito;0
Tariq Lamptey;1
Fran Gámez;0
Paco Alcácer;0
Sam Baldock;0
José Izquierdo;0
Leandro Trossard;0
Anthony Knockaert;0
Neal Maupay;0
Marc Cucurella;0
Álex Berenguer;0
Ander Barrenetxea;0
Óliver Torres;0
Sandro Ramírez;0
Martín Montoya;0
Aihen Muñoz;0
Borja García;0
Ander Capa;0
Francis Guerrero;0
Nolito;0
Borja Valero;0
Alexis Mac Allister;0
Luis Milla;0
Unai Bustinza;0
Jorge Miramón;0
Antoñito;0
Aaron Connolly;0
Alberto Perea;0
Óscar Clemente;0
Carles Planas;0
Kevin Vázquez;0
Percy Tau;1
Iván López;0
Oier Zarraga;0
Benito Ramírez;0
Sergio Akieme;0
Isco;0
Koke;0
Álvaro Odriozola;0
Iago Aspas;0
Denis Suárez;0
Pedro Porro;0
Moi Gómez;0
Jamie Murphy;0
Sergio Escudero;0
Sergio León;0
Beñat Etxebarria;0
Beram Kayal;0
Fede San Emeterio;0
Luis Rioja;0
Ximo Navarro;0
José Manuel Jurado;0
Aitor Ruibal;0
Coke;0
Martín Merquelanz;0
Liam Rosenior;0
Álex Gallar;0
Pol Lozano;0
Markus Suttner;0
Omar Ramos;0
Josan;0
Álvaro Jiménez;0
Álex Martínez;0
Pipa;0
Borja Herrera;0
Fabio González;0
Fernando Navarro;0
Alireza Jahanbakhsh;0
Suso;0
Solly March;0
Aleix Vidal;0
Steven Alzate;0
Pere Pons;0
Bruno;0
Álex Collado;0
Pascal Groß;0
Yves Bissouma;1
Mikel Balenziaga;0
Jaime Seoane;0
Izzy Brown;0
Tomer Hemed;0
Gaëtan Bong;1
Joël Veltman;0
Davy Pröpper;0
Miguel Baeza;0
Sergio Camello;0
Álvaro Medrán;0
Borja Valle;0
Jürgen Locadia;1
Fede Vico;0
Javi Puado;0
Jorge Pombo;0
Dale Stephens;0
Samu García;0
Juan Hernández;0
Francisco Molinero;0
Gerard Valentín;0
Víctor García;0
Aimar Oroz;0
Sergi Roberto;0
Ansu Fati;1
Pablo Fornals;0
José Callejón;0
Cesc Fàbregas;0
Manu Trigueros;0
Cristian Tello;0
Roberto López;0
Rubén Pérez;0
Jason;0
Andi Zeqiri;0
Raúl Guti;0
Roberto Torres;0
Ibai Gómez;0
Bernardo;0
Edu Expósito;0
Pedro Chirivella;0
Manu Morlanes;0
Anaitz Arbilla;0
Antonio Luna;0
Alberto Bueno;0
Dani Gómez;0
Mikel Rico;0
Dani Rodríguez;0
Borja Lasso;0
Dani Escriche;0
Iñigo Vicente;0
Son;0
Iñigo Pérez;0
Quini;0
Álex Mula;0
Dani Ojeda;0
Javi Guerra;0
Glenn Murray;0
Ezequiel Schelotto;0
Salva Sevilla;0
Momo;0
Dani Olmo;0
Asier Illarramendi;0
José Campaña;0
Álex Moreno;0
Jony;0
Roger Martí;0
Markel Susaeta;0
Rubén Duarte;0
Dani García;0
Óscar Plano;0
Kike Barja;0
Dani Castellano;0
Jakub Moder;0
Ben White;0
Sergio Álvarez;0
Jon Guridi;0
Juankar;0
Miguel Rodríguez;0
David Simón;0
Luismi;0
Uwe Hünemeier;0
Adam Webster;0
Connor Goldson;0
Lewis Dunk;0
Sergio Canales;0
Shane Duffy;0
Carles Aleñá;0
Mario Gaspar;0
Gerard Moreno;0
Raúl de Tomás;0
Sergi Darder;0
Dan Burn;0
Aarón Martín;0
Nahki Wells;1
Lucas Pérez;0
Ashley Westwood;0
Carlos Soler;0
Steven Defour;0
Josh Benson;0
José Luis Morales;0
Ander Guevara;0
Robbie Brady;0
Charlie Taylor;0
Scott Arfield;0
Iñigo Lekue;0
Aiden O'Neill;0
Álex Granell;0
Iñigo Córdoba;0
Miguel Gutiérrez;0
Juanfran;0
Abel Ruiz;0
Esteban Granero;0
Josh Brownhill;0
Marc Muniesa;0
Ben Mee;0
Matthew Lowton;0
Álvaro Vadillo;0
Nacho Vidal;0
Fidel;0
Jon Bautista;0
Miguel Ángel Guerrero;0
Pere Milla;0
Toño;0
Phil Bardsley;0
Ángel Montoro;0
Roberto Soldado;0
Javi López;0
Dwight McNeil;0
Javi Moyano;0
Imanol Sarriegi;0
Vicente Esquerdo;0
Juanjo Camacho;0
Xisco Campos;0
Mikel Oyarzabal;0
Igor Zubeldia;0
Yuri Berchiche;0
Jonathan Walters;0
Stephen Ward;0
James Tarkowski;0
Gonzalo Villar;0
Santi Mina;0
Jack Cork;0
Ben Gibson;0
Jeff Hendrick;0
Omar Mascarell;0
Martín Zubimendi;0
Rubén Pardo;0
Carlos Clerc;0
Ashley Barnes;0
Gabi;0
Pedro Bigas;0
Sergi Samper;0
Joaquín;0
Markel Bergara;0
Adrián Marín;0
Javi Martínez;0
Sam Vokes;0
Aritz Aduriz;0
Javi Castellano;0
Abdón Prats;0
Chuca;0
Eloi Amagat;0
Marco Asensio;0
Iñigo Martínez;0
Yeray Álvarez;0
Rodrigo;0
Samu Castillejo;0
Aritz Elustondo;0
Borja Mayoral;0
Ignacio Camacho;0
Kevin Long;0
Joel Mumbongo;1
Álvaro González;0
Chris Wood;0
Jimmy Dunne;0
Hugo Guillamón;0
Jon Moncayola;0
Jorge Meré;0
Óscar de Marcos;0
Bobby Reid;1
Hugo Duro;0
José Ángel;0
Rubén Rochina;0
Luis Hernández;0
Alejandro Arribas;0
Eneko Bóveda;0
Josh Murphy;1
Alberto de la Bella;0
Waldo Rubio;0
Javi Fuego;0
Carlos Vigaray;0
Junior Hoilett;1
Eugeni Valderrama;0
Jazz Richards;1
Kadeem Harris;1
Juan Villar;0
Jordi Calavera;0
José Mari;0
Fran Manzanara;0
Pablo Martínez;0
Sergio Mora;0
Luis Alberto;0
Pol Lirola;0
Rubén Alcaraz;0
Aron Gunnarsson;0
Víctor Laguardia;0
Sergi Enrich;0
Álex Fernández;0
Joe Ralls;0
Antonio Puertas;0
Jon Morcillo;0
Gonzalo Melero;0
Adrián López;0
Jordi Mboula;1
Borja Garcés;0
Recio;0
Pedro León;0
Marc Cardona;0
Víctor Díaz;0
Alejandro Rodríguez;0
Mario González;0
David García;0
Saúl Ñíguez;0
Sergio Ramos;0
Joe Bennett;0
Alfonso Pedraza;0
Marc Bartra;0
Marc Roca;0
Marcos Llorente;0
Óscar Mingueza;0
Brais Méndez;0
Jesús Vallejo;0
Víctor Ruiz;0
Nathaniel Mendez-Laing;0
Fernando Calero;0
Raúl García;0
Patric;0
Jordi Amat;0
Asier Villalibre;0
Adrián González;0
Lee Peltier;0
David Costas;0
Bruno González;0
Dani Raba;0
Kiko Olivas;0
Pedro Mosquera;0
Tete Morente;0
Josema;0
Danny Ward;0
Rhys Healey;0
Kike Pérez;0
Miguel Torres;0
Tachi;0
Bruno Soriano;0
Gorka Elustondo;0
Marc Pedraza;0
Carlos Isaac;0
Jon Pacheco;0
Mario Hermoso;0
Vitolo;0
Loren Morón;0
Joan Jordán;0
Loïc Damour;1
Francisco Montero;0
Carlos Fernández;0
David López;0
Víctor Camarasa;0
Sergi Gómez;0
Juan Miranda;0
Sergi Guardiola;0
Callum Paterson;0
Jonás Ramalho;0
Greg Cunningham;0
Bruno Ecuele Manga;1
Rubén Sobrino;0
Leandro Bacuna;1
Sergio Postigo;0
David Timor;0
Diego González;0
Kenneth Zohore;1
Cristian López;0
David Lombán;0
Álex Centelles;0
Sergio Sánchez;0
Sol Bamba;1
Aythami Artiles;0
Gary Madine;0
Jon Ander Garrido;0
Juan Aguilera;0
Toni Moya;0
Miguel Marí;0
Diego Costa;0
Diego Llorente;0
Iñaki Williams;0
Unai Núñez;0
Jaime Mata;0
Sean Morrison;0
Peru Nolaskoain;0
Fernando Torres;0
Andreu Fontàs;0
David Zurutuza;0
Fali;0
Jorge Pulido;0
Antonio Barragán;0
Pedro;0
N'Golo Kanté;1
Iván Alejo;0
Burgui;0
Unai García;0
Álvaro Negredo;0
Miguel Atienza;0
Josep Señé;0
Borja Iglesias;0
Mikel San José;0
Billy Gilmour;0
Ander Iturraspe;0
Javi García;0
Raúl Navas;0
Xabi Prieto;0
Pablo Insua;0
Vicente Gómez;0
Sabin Merino;0
Imanol Agirretxe;0
Erik Morán;0
Enric Saborit;0
Germán Sánchez;0
Darío Poveda;0
Santi Comesaña;0
Oihan Sancet;0
Gerard Gumbau;0
Jorge Molina;0
Marc Navarro;0
Jorginho;0
Gonzalo Verdú;0
Andoni López;0
Gorka Guruzeta;0
Adrián Diéguez;0
Sergio Busquets;0
Mikel Merino;0
Iván Marcano;0
Javi Sánchez;0
Chema;0
Ignasi Miquel;0
Mario Suárez;0
Iván Ramis;0
Carlos Martínez;0
Borja Fernández;0
Raúl Albiol;0
Juanpe;0
Lucas Torró;0
Enric Gallego;0
Joaquín Fernández;0
Jorge Sáenz;0
Erik Expósito;0
Pau Torres;0
Rafa Mir;0
Mikel Vesga;0
Luis Perea;0
Joselu;0
Raúl Albentosa;0
Dani Calvo;0
Christian Pulisic;0
Charly Musonda Jr.;1
Chris Ramos;0
Gerard Piqué;0
Pedro Alcalá;0
Keagan Dolly;1
Willian;1
Eden Hazard;0
Lebogang Phiri;1
Lebo Mothiba;1
Bongani Zungu;1
Callum Hudson-Odoi;1
Lyle Foster;1
Jan Repas;0
Kevin Kampl;0
Miha Zajc;0
Valter Birsa;0
Dominic Maroh;0
Luka Krajnc;0
Rene Krhin;0
Victor Moses;1
Stanislav Lobotka;0
Mason Mount;0
Ben Chilwell;0
Ondrej Duda;0
Karim Guédé;0
Juraj Kucka;0
Martin Valjent;0
César Azpilicueta;0
Denis Vavro;0
Antonio Rukavina;0
Aleksandar Sedlar;0
Aleksandar Katai;0
Danny Drinkwater;0
Ljubomir Fejsa;0
Hakim Ziyech;0
Nenad Tomovic;0
Nemanja Radoja;0
Aleksandar Kolarov;0
Nemanja Gudelj;0
Sergej Milinkovic-Savic;0
Youssouf Sabaly;1
Issa Cissokho;1
Arona Sané;1
Saliou Ciss;1
Davide Zappacosta;0
Souleymane Camara;1
Assane Dioussé;1
Moussa Koné;1
Moussa Wagué;1
Adama Mbengue;1
Lamine Gueye;1
Sada Thioub;1
Boulaye Dia;1
Boukary Dramé;1
Keita Baldé;1
Fodé Ballo-Touré;1
Opa Nguette;1
Santy Ngom;1
Moussa Konaté;1
Cheikh M'Bengue;1
Diafra Sakho;1
Reece James;1
Gonzalo Higuaín;0
Younousse Sankharé;1
Dion Lopy;1
Khouma Babacar;1
Racine Coly;1
Fallou Diagne;1
Habib Diallo;1
Papa Ndiaga Yade;1
Kalidou Koulibaly;1
Abdou Diallo;1
Fikayo Tomori;1
Ibrahima Niane;1
M'Baye Niang;1
Ibrahima Mbaye;1
Cheikh Niasse;1
Alfred N'Diaye;1
Mustapha Diallo;1
Lamine Sané;1
Papy Djilobodji;1
Cheikh N'Doye;1
Kader Mangane;1
Elhadji Pape Diaw;1
Makhtar Gueye;1
Salif Sané;1
Sidy Sarr;1
Abdoulaye Ba;1
Aaron Hickey;0
Liam Henderson;0
Fraser Hornby;0
Fahad Al-Muwallad;1
Salem Al-Dawsari;1
Edgar Sevikyan;0
Denis Cheryshev;0
Aleksandr Golovin;0
Konstantin Rausch;0
Aleksandr Kokorin;0
Cristian Ganea;0
Alexandru Maxim;0
Adrian Stoian;0
Valentin Mihaila;0
Michy Batshuayi;1
Florin Andone;0
Romario Benzar;0
Dennis Man;0
Deian Boldor;0
Morgan Poaty;1
Arnold Bouka Moutou;1
Durel Avounou;1
Nolan Mbemba;1
Eden Massouema;1
Prince Oniangué;1
Dylan Bahamboula;1
Loris Mouyokolo;1
Ludovic Ajorque;0
Mário Rui;0
Afonso Figueiredo;0
Raphaël Guerreiro;0
João Moutinho;0
Kévin Rodrigues;0
Tiago Dantas;0
Pedro Rebocho;0
Ross Barkley;0
Faustino Anjorin;0
Álvaro Morata;0
Luisinho;0
Gelson Martins;1
Bruma;1
Andreas Christensen;0
Marcos Alonso;0
Rony Lopes;0
Iuri Medeiros;0
Jota;0
David Luiz;1
Tammy Abraham;1
Kurt Zouma;1
Antonio Rüdiger;1
Ruben Loftus-Cheek;1
Olivier Giroud;0
Gary Cahill;0
Vitorino Antunes;0
Bruno Gama;0
Renato Sanches;1
Eberechi Eze;1
Yohan Cabaye;0
Thierry Correia;0
Jason Puncheon;1
Nélson Semedo;1
Nani;1
Rafa Soares;0
Gonçalo Guedes;0
João Félix;0
Tyrick Mitchell;1
Patrick van Aanholt;1
Mathias Pereira Lage;0
Jeffrey Schlupp;1
James McArthur;0
Miguel Veloso;0
Rui Fonte;0
Pape Souaré;1
João Cancelo;0
Rúben Vezo;1
Edgar Ié;1
Wilfried Zaha;1
Daniel Carriço;0
Gonçalo Paciência;0
André Silva;0
Andros Townsend;1
Pedro Pereira;0
Sullay Kaikai;1
Aaron Wan-Bissaka;1
Cafú;1
Xeka;0
Bakary Sako;1
Pedro Mendes;0
Cristiano Ronaldo;0
William Carvalho;1
Freddie Ladapo;1
Paulo Oliveira;0
Timothy Fosu-Mensah;1
Rafael Leão;1
Joel Ward;0
Mamadou Sakho;1
Connor Wickham;0
Danilo Pereira;1
Rúben Semedo;1
Christian Benteke;1
Damien Delaney;0
Bruno Alves;1
Martin Kelly;0
Rolando;1
Tiago Djaló;1
Bebé;1
Domingos Duarte;0
James Tomkins;0
Karol Linetty;0
Scott Dann;0
Bernard;0
Dennis Jastrzembski;0
Robert Gumny;0
Aaron Lennon;1
Bartosz Kapustka;0
Eugen Polanski;0
Thiago Cionek;0
Robert Lewandowski;0
Arkadiusz Milik;0
Dawid Kownacki;0
Arkadiusz Reca;0
Sebastian Walukiewicz;0
Igor Lewczuk;0
Kamil Glik;0
Bartosz Bialek;0
Bartosz Salamon;0
Gerrit Holtmann;0
Leighton Baines;0
Cristian Benavente;0
Anthony Gordon;0
Miguel Trauco;0
Ademola Lookman;1
Percy Prado;0
Theo Walcott;1
Gianluca Lapadula;0
Luis Advíncula;1
Claudio Pizarro;0
Wayne Rooney;0
Renato Tapia;1
Lucas Digne;0
Óscar Romero;0
Julio Villalba;0
Raúl Bobadilla;0
Hernán Pérez;0
Beni Baningime;1
Édgar Barreto;0
Antonio Sanabria;0
Júnior Alonso;0
Federico Santander;0
Tom Davies;0
Omar Alderete;0
José Luis Rodríguez;0
James McCarthy;0
Birger Meling;0
Niels Nkounkou;1
Per Ciljan Skjelbred;0
Martin Ødegaard;0
Rafik Zekhnini;0
Iver Fossum;0
Julian Ryerson;0
Haitam Aleesami;0
Martin Palumbo;0
Jens Petter Hauge;0
Ruben Gabrielsen;0
Birk Risa;0
Morten Thorsby;0
Kristoffer Askildsen;0
Erling Haaland;0
Mikail Maden;0
Enis Bardhi;0
Aleksandar Trajkovski;0
Darko Churlinov;0
Phil Jagielka;0
Ilija Nestorovski;0
Goran Pandev;0
Vlatko Stojanovski;0
Moses Simon;1
Ramon Azeez;1
Samuel Chukwueze;1
Oumar Niasse;1
Oghenekaro Etebo;1
Henry Onyekuru;1
Emmanuel Dennis;1
Kevin Mirallas;0
Olarenwaju Kayode;1
Kingsley Michael;1
Samuel Kalu;1
Joel Obi;1
Imoh Ezekiel;1
Orji Okwonkwo;1
Josh Maja;1
Anthony Ujah;1
Chima Okoroji;1
Brown Ideye;1
Cenk Tosun;0
Taiwo Awoniyi;1
Jamilu Collins;1
Noah Joel Sarenren Bazee;1
Ola Aina;1
Ashley Williams;1
Kenneth Omeruo;1
Suleiman Abdullahi;1
Victor Osimhen;1
Emmanuel Apeh;1
Terem Moffi;1
Chidozie Awaziem;1
Leon Balogun;1
William Troost-Ekong;1
Richarlison;1
Yannick Bolasie;1
Kevin Akpoguma;1
Umar Sadiq;1
Hervé Lybohy;1
Sarpreet Singh;1
Georges Gope-Fenepej;1
Wesley Lautoa;1
Xavi Simons;1
Jetro Willems;1
Wesley Sneijder;0
Cuco Martina;1
Justin Kluivert;1
Jeremie Frimpong;1
Virgil Misidjan;1
Ben Godfrey;0
Jonathan de Guzmán;1
Quincy Promes;1
Nigel de Jong;1
Javairô Dilrosun;1
Morgan Schneiderlin;0
Bobby Adekanye;1
Memphis Depay;1
Daishawn Redan;1
Deyovaisio Zeefuik;1
Jean-Paul Boëtius;1
Thomas Ouwejan;0
Paul Verhaegh;0
Djavan Anderson;0
Davy Klaassen;0
Daley Sinkgraven;0
Jayden Braaf;1
Frenkie de Jong;0
Kenny Tete;1
Arjen Robben;0
Kaj Sierhuis;0
Mohamed Sankoh;1
Joshua Brenet;1
Hidde ter Avest;0
Gregory van der Wiel;1
Rick Karsdorp;0
Riechedly Bazoer;1
Melayro Bogarde;1
Marten de Roon;0
Hans Hateboer;0
Mitchel Bakker;0
Jerdy Schouten;0
Rick van Drongelen;0
Kevin Strootman;0
Ramiro Funes Mori;0
Eliaquim Mangala;1
Karim Rekik;1
Guus Til;0
Mason Holgate;1
Derrick Luckassen;1
Klaas-Jan Huntelaar;0
Jeffrey Gouweleeuw;0
Luuk de Jong;0
André Gomes;0
Michael Keane;0
Stefano Denswil;1
Timo Letschert;0
Rai Vloet;0
Dominic Calvert-Lewin;1
Yerry Mina;1
Neeskens Kebano;1
Luciano Vietto;0
Matthijs de Ligt;0
Stefan de Vrij;0
Jeffrey Bruma;1
Joe Bryan;0
Floyd Ayité;1
Sam Lammers;0
Kingsley Ehizibue;1
Bram Nuytinck;0
Michel Vlap;0
Aboubakar Kamara;1
Justin Hoogma;0
Joshua Zirkzee;1
Mitchell Dijks;0
Ryan Sessegnon;1
Sven Botman;0
Bas Dost;0
Wout Weghorst;0
Denilho Cleonise;1
Denis Odoi;1
Harrison Reed;0
Stefan Johansen;0
Reinildo Mandava;1
Mexer;1
Nabil El Zhar;0
Anuar;0
Munir El Haddadi;0
Imad Faraj;0
Kévin Malcuit;1
Oussama Tannane;0
Fayçal Fajr;1
Hamza Mendyl;1
Nordin Amrabat;0
Amine Harit;0
Adel Taarabt;0
Mehdi Chahiri;0
Achraf Hakimi;1
Oualid El Hajjam;0
Nassim Boujellab;0
Sofian Kiyine;0
Mehdi Bourabia;0
Fouad Chafik;0
Youssef Aït Bennasser;0
Achraf Lazaar;0
Antonee Robinson;1
Sofyan Amrabat;0
Sami Ben Amar;0
Rachid Alioui;0
Youssef En-Nesyri;1
Aymen Barkok;1
Yacine Bammou;1
Medhi Benatia;1
Ibrahima Cissé;1
Nayef Aguerd;0
Yunis Abdelhamid;1
Jawad El Yamiq;0
Adam Masina;0
Zouhair Feddal;0
Hamadi Al Ghaddioui;0
Sergej Grubac;0
Diego Lainez;0
Andrés Guardado;0
Marco Fabián;0
Hirving Lozano;0
Carlos Vela;0
Miguel Layún;0
Héctor Herrera;0
Carlos Salcedo;0
Héctor Moreno;0
Diego Reyes;0
Aly Abeid;1
Abdallahi Mahmoud;1
Patrick Burner;1
Grégoire Defrel;0
Manuel Cabit;1
Christophe Hérelle;1
Fodé Doucouré;1
Moussa Doumbia;1
Youssouf Koné;1
Cheick Traoré;1
Amadou Haidara;1
Hamari Traoré;1
Rominigue Kouamé;1
Cheick Doucouré;1
Kévin Zohi;1
Cheick Keita;1
Almamy Touré;1
Bakaye Dibassy;1
Adama Niane;1
Lassana Coulibaly;1
Boubacar Traoré;1
Tom Cairney;0
El Bilal Touré;1
Mamadou Fofana;1
Molla Wagué;1
Senou Coulibaly;1
Cheick Diabaté;1
Kalifa Coulibaly;1
Josh Onomah;1
Issouf Sissokho;1
Jérémy Morel;0
Romain Métanire;1
Maxime Le Marchand;0
Ryan Babel;1
Thomas Fontaine;1
Vincent Thill;0
Tim Ream;0
Laurent Jans;0
Chris Philipps;0
Edgaras Dubickas;0
Cyrus Christie;0
Kevin McDonald;0
Marcel Büchel;0
Ahmad Benali;0
Florent Muslija;0
Valon Berisha;0
Milot Rashica;0
Blendi Idrizi;0
Bersant Celina;0
Mërgim Vojvoda;0
Michael Hector;0
Tosin Adarabioyo;0
Alex Pritchard;0
Arton Zekaj;0
Amir Rrahmani;0
Chris Löwe;0
Vedat Muriqi;0
Michael Olunga;1
Aaron Mooy;0
Tatsuya Ito;1
Takashi Inui;1
Yuto Nagatomo;1
Kasey Palmer;1
Ritsu Doan;1
Takefusa Kubo;1
Takuma Asano;1
Shinji Kagawa;1
Gaku Shibasaki;1
Jonathan Hogg;0
Keita Endo;1
Genki Haraguchi;1
Tom Ince;0
Masaya Okugawa;1
Wataru Endo;1
Elias Kachunga;1
Juninho Bacuna;1
Yuya Kubo;1
Takashi Usami;1
Makoto Hasebe;1
Yuya Osako;1
Joe Lolley;0
Rajiv van La Parra;1
Gen Shoji;1
Hiroki Sakai;1
Florent Hadergjonaj;0
Daichi Kamada;1
Naomichi Ueda;1
Takehiro Tomiyasu;1
Leon Bailey;1
Lorenzo Insigne;0
Marco Verratti;0
Emanuele Giaccherini;0
Stefano Sensi;0
Daniele Verde;0
Marco Sau;0
José Mauri;0
Antonio Di Gaudio;0
Nicola Dalmonte;0
Danny Williams;0
Amato Ciciretti;0
Martin Cranie;0
Matteo Scozzarella;0
Andrea Cossu;0
Matteo Politano;0
Dean Whitehead;0
Gianluca Caprari;0
Adama Diakhaby;1
Federico Di Francesco;0
Filippo Falco;0
Nicolò Barella;0
Giacomo Raspadori;0
Roberto Insigne;0
Luca Garritano;0
Tommy Smith;0
Fernando Forestieri;0
Terence Kongolo;1
Daniele Ragatzu;0
Christopher Schindler;0
Giuseppe Caso;0
Scott Malone;0
Simone Pinna;0
Steve Mounié;1
Alessandro Florenzi;0
Nicola Sansone;0
Marco D'Alessandro;0
Gaetano Letizia;0
Giuseppe Rossi;0
Francesco Migliore;0
Simone Verdi;0
Manuel Lazzari;0
Manuel Pucciarelli;0
Vincenzo Millico;0
Laurent Depoitre;0
Simone Edera;0
Giovanni Crociata;0
Collin Quaner;0
Michael Hefele;0
Gennaro Acampora;0
Andrea Ghion;0
Federico Dimarco;0
Jamie Shackleton;0
Emanuel Vignato;0
Federico Ricci;0
Ezgjan Alioski;0
Pablo Hernández;0
Luca Cigarini;0
Filippo Costa;0
Leonardo Morosini;0
Andrea Danzi;0
Felice D'Amico;0
Jack Harrison;0
Sergio Pellissier;0
Giovanni Volpicelli;0
Davide Calabria;0
Kalvin Phillips;0
Matteo Ricci;0
Camillo Ciano;0
Jacopo Petriccione;0
Stefano Sabelli;0
Luca Tremolada;0
Gianmarco Cangiano;0
Nicholas Pierini;0
Mattia Zaccagni;0
Éder;0
Andrea Barberis;0
Gennaro Tutino;0
Francesco Zampano;0
Cristian Battocchio;0
Gaetano Berardi;0
Lorenzo Dickmann;0
Luca Paganini;0
Salvatore Molina;0
Pasquale Schiattarella;0
Tyler Roberts;0
Raffaele Maiello;0
Mirko Gori;0
Simone Padoin;0
Leif Davis;0
Luca Matarese;0
Marco Olivieri;0
Stephan El Shaarawy;0
Luca Pellegrini;0
Daniel Bessa;0
Giulio Donati;0
Luke Ayling;0
Rômulo;0
Mattia Sprocati;0
Fabio Pisacane;0
Leonardo Capezzi;0
Mateusz Klich;0
Nicolò Fagioli;0
Jacopo Dezi;0
Mirko Antonucci;0
Nicolò Brighenti;0
Manuel Pasqual;0
Luca Zanimacchia;0
Riccardo Doratiotto;0
Matteo Brighi;0
Andrea Ghezzi;0
Eros Schiavon;0
Giacomo Manzari;0
Andrea Bertolacci;0
Nicolò Rovella;0
Lorenzo Venuti;0
Matteo Ruggeri;0
Riccardo Improta;0
Federico Dionisi;0
Federico Chiesa;0
Giacomo Bonaventura;0
Antonio Candreva;0
Danilo D'Ambrosio;0
Vincenzo Grifo;0
Stuart Dallas;0
Claudio Marchisio;0
Davide Faraoni;0
Fabio Borini;0
Nicola Murru;0
Riccardo Sottil;0
Alfredo Donnarumma;0
Claud Adjapong;0
Danilo Cataldi;0
Tommaso Augello;0
Enrico Brignola;0
Patrick Bamford;0
Federico Viviani;0
Ignazio Abate;0
Liam Cooper;0
Dimitri Bisoli;0
Fabio Quagliarella;0
Marco Tumminello;0
Alessio Cerci;0
Fabio Ceravolo;0
Marco Mancosu;0
Vittorio Parigini;0
Davide Di Gennaro;0
Marco Fossati;0
Mirco Antenucci;0
Nicolas Viola;0
Simone Iacoponi;0
Andrea Nalini;0
Pascal Struijk;0
Fabrizio Caligara;0
Aleandro Rosi;0
Cristiano Lombardi;0
Robin Koch;0
Giampaolo Pazzini;0
Luca Siligardi;0
Antonio Cioffi;0
Danilo Soddimo;0
Lorenzo Del Pinto;0
Luigi Vitale;0
Nampalys Mendy;1
James Maddison;0
Claudio Terzi;0
Enrico Bearzotti;0
Sergio Floccari;0
Davide Biondini;0
Dion Ruffo Luci;0
Francesco Verde;0
Luca Sparandeo;0
Emanuele Torrasi;0
Andrea Belotti;0
Sandro Tonali;0
Stefano Sturaro;0
Kevin Lasagna;0
Francesco Caputo;0
Valerio Verre;0
Simone Bastoni;0
Jacopo Sala;0
Riccardo Montolivo;0
Niccolò Giannetti;0
Simone Lo Faso;0
Ricardo Pereira;1
Daniel Maldini;0
Francesco Magnanelli;0
Gianluca Gaetano;0
Paolo Sammarco;0
Daniele Baselli;0
Roberto Soriano;0
Daniel Caligiuri;0
Antonino La Gumina;0
Mattia Destro;0
Adrien Silva;0
Fabio Depaoli;0
Davide Biraschi;0
Marc Albrighton;0
Andrea Poli;0
Federico Bonazzoli;0
Andrea Beghetto;0
Enrico Valentini;0
Fabrizio Cacciatore;0
Alessandro Tripaldelli;0
Simone Palombi;0
Andrea Costa;0
Daniele Dessena;0
Luca Vido;0
Riccardo Meggiorini;0
Emiliano Moretti;0
Gian Filippo Felicioli;0
Giuseppe Di Serio;0
Riccardo Ladinetti;0
Cristian Molinaro;0
Raffaele Palladino;0
Federico Bernardeschi;0
Domenico Berardi;0
Moise Kean;1
Patrick Cutrone;0
Giovanni Di Lorenzo;0
Armando Izzo;0
Riccardo Orsolini;0
Rolando Mandragora;0
Mattia De Sciglio;0
Alberto Grassi;0
Antonio Barreca;0
Shinji Okazaki;1
Lorenzo Tonelli;0
Domenico Criscito;0
Alberto Paloschi;0
Francesco Cassata;0
Riccardo Calafiori;0
Bruno Martella;0
Gabriele Moncini;0
Antonino Ragusa;0
Cristian Dell'Orco;0
Manolo Portanova;0
Marco Calderoni;0
Luca Mora;0
Fousseni Diabaté;1
Youri Tielemans;1
Alessandro Matri;0
Marcello Gazzola;0
Michele Cremonesi;0
Simone Calvano;0
Mattia Viviani;0
Danny Simpson;0
Massimo Gobbi;0
Ayoze Pérez;0
Alessandro Semprini;0
Hamza Choudhury;1
Antonio Mazzotta;0
Daniele Bonera;0
Andrea Conti;0
Marco Benassi;0
Riccardo Saponara;0
Giulio Maggiore;0
Ernesto Torregrossa;0
Marco Parolo;0
Daniele De Rossi;0
Luca Mazzitelli;0
Andrea Masiello;0
Jamie Vardy;0
Timothy Castagne;0
Federico Mattiello;0
Luca Antonelli;0
Lorenzo Crisetig;0
Luca Valzania;0
Luke Thomas;0
Massimo Coda;0
Alessandro Tuia;0
Christian Maggio;0
Hans Nicolussi Caviglia;0
Mattia Vitale;0
Matty James;0
Simone Pontisso;0
Ciro Immobile;0
Alessio Romagnoli;0
Harvey Barnes;0
Rachid Ghezzal;1
Manuel Locatelli;0
Rafael Tolói;0
Andrea Pinamonti;0
Wilfred Ndidi;1
James Justin;0
Cristiano Biraghi;0
Matteo Gabbia;0
Andrea Cistana;0
Demarai Gray;1
Alessandro Murgia;0
Federico Barba;0
Vasco Regini;0
Andy King;1
Nicola Rigoni;0
Luca Rigoni;0
Mirko Valdifiori;0
Samuele Longo;0
Elio Capradossi;0
Kelechi Iheanacho;1
Wes Morgan;1
Yohan Benalouane;0
Lorenzo Pirola;0
Daniel Amartey;1
Antonio Caracciolo;0
Fabio Lucioni;0
Christian Pastina;0
Domenico Maietta;0
Nicolò Armini;0
Alessandro Gamberini;0
Federico Bonini;0
Lorenzo Pellegrini;0
Leonardo Spinazzola;0
Bryan Cristante;0
Christian Fuchs;0
Simone Zaza;0
Roberto Inglese;0
Sebastiano Esposito;0
Leonardo Ulloa;0
Filippo Romagna;0
Lorenzo De Silvestri;0
Diego Falcinelli;0
Luca Ceppitelli;0
Arturo Calabresi;0
Pietro Iemmello;0
Luca Caldirola;0
Gianluca Di Chiara;0
Riccardo Marchizza;0
Lorenzo Ariaudo;0
Luca Vignali;0
Marco Capuano;0
Filippo Melegoni;0
Gabriele Corbo;0
Luca Antei;0
Salvatore Bocchetti;0
Alberto Aquilani;0
Edoardo Vergani;0
Andrea Papetti;0
Luca Marrone;0
Wesley Fofana;1
Marco Borriello;0
Vicente Iborra;0
George Hirst;0
Davide Riccardi;0
Xherdan Shaqiri;0
Simone Muratore;0
Marco Ballarini;0
Mattia Caldara;0
Gaetano Castrovilli;0
Matteo Pessina;0
Giorgio Chiellini;0
Gabriele Zappa;0
Kevin Bonifazi;0
Giuseppe Pezzella;0
Paolo Faragò;0
Alberto Moreno;0
Andrea Carboni;0
Davide Santon;0
Federico Ceccherini;0
Gianluca Frabotta;0
Luca Ranieri;0
Niccolò Zanellato;0
Luca Rossettini;0
Samuel Di Carmine;0
Adam Lallana;0
Marco Andreolli;0
Andrea Barzagli;0
Mattia Valoti;0
Thiago Motta;0
Biagio Meccariello;0
Andrea Raggi;0
Daniele Gastaldello;0
Jacopo Da Riva;0
Leonardo Sernicola;0
Roberto Gagliardini;0
Leonardo Pavoletti;0
Pietro Pellegri;0
Matteo Lovato;0
Tommaso Pobega;0
Marcello Trotta;0
Mattia Bani;0
Luca Rizzo;0
Sadio Mané;1
Mario Sampirisi;0
Raoul Bellanova;0
Ben Woodburn;0
Andrea Rispoli;0
Alex Oxlade-Chamberlain;1
Federico Peluso;0
Massimiliano Mangraviti;0
Marco Brescianini;0
Mario Balotelli;1
Mohamed Salah;1
Gian Marco Ferrari;0
Cristiano Piccini;0
James Milner;0
Matteo Bianchetti;0
Nicolò Zaniolo;0
Leonardo Bonucci;0
Daniele Rugani;0
Gianluca Mancini;0
Alessandro Bastoni;0
Andrea Petagna;0
Francesco Vicari;0
Roberto Piccoli;0
Nathaniel Clyne;1
Georginio Wijnaldum;1
Andrew Robertson;0
Alessandro Buongiorno;0
Andrea La Mantia;0
Alessandro Deiola;0
Giuseppe Cuomo;0
Gianni Munari;0
Diogo Jota;0
Andrea Favilli;0
Trent Alexander-Arnold;1
Giangiacomo Magnani;0
Sebastiano Luperto;0
Paolo Ghiglione;0
Roberto Firmino;1
Simone Missiroli;0
Neco Williams;0
Alex Ferrari;0
Daniel Ciofani;0
Dario Dainelli;0
Francesco Acerbi;0
Andrea Tabanelli;0
Edoardo Goldaniga;0
Simone Romagnoli;0
Gabriele Angella;0
Alberto Cerri;0
Graziano Pellè;0
Divock Origi;1
Gianluca Scamacca;0
Daniel Sturridge;1
Curtis Jones;0
Andrea Ranocchia;0
Federico Marigosu;0
Luca Gagliano;0
Jordan Henderson;0
Luca Falbo;0
Ilario Monterisi;0
Ragnar Klavan;0
Ilay Elmkies;0
Shon Weissman;0
Taleb Tawatha;0
Fabinho;1
Saman Ghoddos;0
Birkir Bjarnason;0
Joe Gomez;1
Emil Hallfreðsson;0
Andri Fannar Baldursson;0
Krisztofer Horváth;0
Ádám Nagy;0
Dejan Lovren;0
Nathaniel Phillips;0
Palkó Dárdai;0
Roland Sallai;0
Willi Orban;0
Ádám Lang;0
Botond Balogh;0
Ádám Szalai;0
Hervé Bazile;1
Romain Genevois;1
Ronaldo Vieira;1
Pelé;1
Alexandre Mendy;1
Alfa Semedo;1
Jules Keita;1
Ibrahima Traoré;1
Naby Keïta;1
Bouna Sarr;1
Abdoul Camara;1
Virgil van Dijk;1
Rhys Williams;1
Issiaga Sylla;1
Baissama Sankoh;1
François Kamano;1
Amadou Diawara;1
Simon Falette;1
Ernest Seka;1
Karamoko Cissé;1
Florentin Pogba;1
Sory Kaba;1
Leonardo Koutris;0
Sebastian Vasiliadis;0
Anastasios Donis;0
Raheem Sterling;1
Vasilios Zagaritis;0
David Silva;0
Kyriakos Papadopoulos;0
Panagiotis Retsos;0
Sokratis Papastathopoulos;0
Phil Foden;0
Sergio Agüero;0
Panagiotis Tachtsidis;0
Konstantinos Mavropanos;0
Bernard Tekpetey;1
Ebenezer Ofori;1
Bernardo Silva;0
Kelvin Ofori;1
Kwadwo Asamoah;1
Christopher Antwi-Adjei;1
Daniel Opare;1
Godfred Donsah;1
Emmanuel Boateng;1
Patrick Twumasi;1
Raman Chibsah;1
Alfred Duncan;1
Bright Gyamfi;1
Afriyie Acquah;1
Sulley Muntari;1
Emmanuel Gyasi;1
Alexander Djiku;1
Iddrisu Baba;1
Joseph Aidoo;1
Isaac Cofie;1
John Boye;1
Thomas Partey;1
Kevin-Prince Boateng;1
Raphael Dwamena;1
Nicholas Opoku;1
Mohammed Salisu;1
Amin Younes;0
Paul Nebel;0
Diego Demme;0
Felix Passlack;0
John Yeboah;1
Alfons Amade;1
Leonardo Bittencourt;0
Manuel Schmiedebach;0
Gonzalo Castro;0
Jean Zimmer;0
Dominik Kaiser;0
Tim Dierßen;0
Max Meyer;0
Dennis Geiger;0
Linton Maina;1
Nicolai Müller;0
Marc Stendera;0
Marlon Ritter;0
Steven Skrzybski;0
Tim Leibold;0
Philipp Bargfrede;0
Lino Tempelmann;0
Thomas Pledl;0
Joscha Wosz;0
Patrick Kammerbauer;0
Sascha Riether;0
Jonas Hofmann;0
Erik Thommy;0
Can Bozdogan;0
Oliver Sorg;0
Kilian Ludewig;0
Philipp Klement;0
Philipp Ochs;0
Rocco Reitz;0
Anas Ouahim;0
Fabian Delph;1
Serge Gnabry;1
Florian Wirtz;0
Mario Götze;0
Ridle Baku;1
Marco Richter;0
Fin Bartels;0
Lewis Holtby;0
Jérôme Gondorf;0
Daniel Baier;0
Marcel Heller;0
Levent Mercan;0
Reinhold Yabo;1
Robin Hack;0
Matthias Bader;0
Joshua Kimmich;0
Philipp Max;0
Mitchell Weiser;0
Matthias Zimmermann;0
Tony Jantschke;0
Julian Korb;0
Marco Terrazzino;0
Marcel Hartel;0
Streli Mamba;1
Gabriel Jesus;1
Oleksandr Zinchenko;0
Diego Contento;0
Kai Pröger;0
Tobias Raschl;0
Riyad Mahrez;1
Luca Horn;0
Mahmoud Dahoud;1
Fernandinho;1
Lukas Rupp;0
Jan Thielmann;0
Nathan Aké;1
Kevin De Bruyne;0
Nicolás Otamendi;0
Daniel Brosinski;0
Kyle Walker;1
Leroy Sané;1
Matthias Ostrzolek;0
Eric García;0
Benjamin Mendy;1
Rúben Dias;0
Andreas Voglsammer;0
Pascal Köpke;0
Akaki Gogia;0
Niklas Dorsch;0
Simon Asta;0
Chris Führich;0
Kevin Volland;0
Youssoufa Moukoko;1
Patrick Herrmann;0
Mateo Klimowicz;0
Danny Latza;0
Felix Klaus;0
Sebastian Rode;0
John Stones;0
Yaya Touré;1
Aymeric Laporte;0
Vincent Kompany;1
Raphael Framberger;0
Simon Zoller;0
Rodri;0
Christian Clemens;0
Christopher Scott;0
Sven Michel;0
Sebastian Maier;0
Alexis Sánchez;0
Gianluca Gaudino;0
Matthias Lehmann;0
Angel Gomes;0
Sebastian Jung;0
Fred;0
Daniel James;0
Juan Mata;0
Amad Diallo;1
Jonas Carls;0
Jamal Musiala;1
Marco Reus;0
Jesse Lingard;1
Ashley Young;1
Henrikh Mkhitaryan;0
Nico Schulz;0
Andreas Pereira;0
Nadiem Amiri;0
Sebastian Rudy;0
Bruno Fernandes;0
Max Kruse;0
Maximilian Mittelstädt;0
Daniel Didavi;1
Daley Blind;0
Noah Katterbach;0
Christopher Lenz;0
Brandon Williams;0
Luca Netz;0
Marcel Schmelzer;0
Antonio Valencia;1
Salih Özcan;0
Ansgar Knauff;0
Tolgay Arslan;0
Anthony Martial;1
Mason Greenwood;0
Felix Agu;1
Alex Telles;0
Odion Ighalo;1
Ander Herrera;0
James Garner;0
Marvin Bakalorz;0
Diogo Dalot;0
Leon Dajaku;0
Rouwen Hennings;0
Oliver Kragl;0
Matteo Darmian;0
Kerim Calhanoglu;0
Edgar Prib;0
Joshua Mees;0
Donny van de Beek;0
Simon Rhein;0
Benjamin Goller;0
Jonas Michelbrink;0
Tim Civeja;0
Michael Parensen;0
Marcus Rashford;1
Timo Werner;0
Lars Stindl;0
Luca Waldschmidt;0
Marvin Plattenhardt;0
Luke Shaw;0
Maximilian Eggestein;0
Phil Jones;0
Tahith Chong;1
Johannes Geis;0
Jonathan Burkardt;0
Nicolas Höfler;0
Lukas Kübler;0
Ben Zolinski;0
Shawn Parker;0
Jeremy Toljan;1
Marco John;0
Niko Gießelmann;0
Roberto Massimo;0
Alexander Esswein;0
Axel Tuanzebe;1
Marco Höger;0
Ragnar Ache;0
Cedric Teuchert;0
Mike Frantz;0
Benno Schmitz;0
Lilian Egloff;0
Nils Seufert;0
Eric Bailly;1
Christian Groß;0
Tim Handwerker;0
Tom Krauß;0
Victor Lindelöf;0
Marten Winkler;0
Toni Kroos;0
Florian Neuhaus;0
Robin Gosens;0
Kerem Demirbay;0
Benjamin Henrichs;1
Maximilian Philipp;0
Johannes Eggestein;0
Marcos Rojo;0
Ismail Jakobs;0
Michael Carrick;0
Dominik Kohr;0
Pascal Stenzel;0
Kevin Möhwald;0
Dominick Drexler;0
Erik Durm;0
Robert Bauer;0
Marcel Risse;0
Maximilian Beier;0
Kingsley Schindler;1
Aaron Hunt;0
Danny Blum;0
Kevin Goden;0
Niklas Tauer;0
Timothy Tillman;0
Kilian Jakob;0
Lukas Petkov;0
Stephan Ambrosius;0
Maximilian Arnold;0
André Schürrle;0
Karim Bellarabi;1
Romelu Lukaku;1
Suat Serdar;0
Yannick Gerhardt;0
Grischa Prömel;0
Lucas Höler;0
Lukas Klünter;0
Manuel Gulde;0
Lazar Samardzic;0
Dennis Aogo;1
Sebastian Kerk;0
Jessic Ngankam;1
Alexander Fuchs;0
Törles Knöll;0
Felix Kroos;0
Antonis Aidonis;0
Adam Bodzek;0
Julian Draxler;0
Thomas Müller;0
Mark Uth;0
Jonas Hector;0
Lars Bender;0
Scott McTominay;0
Christian Günter;0
Julian Brandt;0
Bastian Oczipka;0
Lukas Nmecha;1
André Hahn;0
Marcel Sobottka;0
Sebastian Schonlau;0
David Otto;0
Felix Götze;0
Marvin Compper;1
Ken Reichel;0
Torben Müsel;0
Christoph Janker;0
Henning Matriciani;0
Thilo Kehrer;1
Paul Pogba;1
Harry Maguire;0
Emre Can;0
Julian Weigl;0
Arne Maier;0
Sven Bender;0
Janik Haberer;0
Koray Günter;0
Jannes Horn;0
Yannik Keitel;0
Abdelhamid Sabiri;0
Emrehan Gedikli;0
Julian Schieber;0
Florian Kath;0
Sven Schipplock;0
Luca Mack;0
Chris Smalling;1
Danny da Costa;1
Marius Wolf;0
Marouane Fellaini;0
Florian Niederlechner;0
Robert Andrich;0
Christian Atsu;1
Rafael Czichos;0
Fabian Reese;0
Ole Käuper;0
Matthew Longstaff;0
Oliver Fink;0
Tim Siersleben;0
Josha Vagnoman;1
Jimmy Kaparos;1
Marcel Halstenberg;0
Nils Petersen;0
Rani Khedira;0
Benedikt Höwedes;0
Dominique Heintz;0
Eduard Löwen;0
Tobias Strobl;0
Márton Dárdai;0
Philipp Förster;0
Hanno Behrens;0
André Hoffmann;0
Matt Ritchie;0
Marius Bülter;0
DeAndre Yedlin;1
Dennis Diekmeier;0
Marvin Ducksch;0
Niko Bungert;0
Marcel Benger;0
Jan-Ingwer Callsen-Bracker;0
Kai Havertz;0
Lukas Klostermann;0
Sami Khedira;1
Waldemar Anton;0
Leon Goretzka;0
Niclas Füllkrug;0
Keven Schlotterbeck;0
Mario Gómez;0
Lukas Mühl;0
Gideon Jung;0
Jacob Murphy;0
Miguel Almirón;0
Dwight Gayle;1
Henri Saivet;1
Christian Gentner;0
Sebastian Griesbeck;0
Christoph Daferner;0
Paul Jaeckel;0
Jesús Gámez;0
Jérôme Boateng;1
Niklas Stark;0
Timo Baumgartl;0
Jamal Lewis;0
Robin Knoche;0
Holger Badstuber;0
Atakan Karazor;0
Javier Manquillo;0
Rolando Aarons;0
Sean Longstaff;0
Toni Leistner;0
Robin Bormuth;0
Timo Becker;0
Marco Russ;0
Timo Hübers;0
Florian Flick;0
Kenedy;0
Luc Ihorst;0
Mats Hummels;0
Matthias Ginter;0
Christoph Kramer;0
Daniel Ginczek;0
Jordan Torunarigha;1
Nico Schlotterbeck;0
Malick Thiaw;1
Chancel Mbemba;1
Sebastian Langkamp;0
Fabian Kunze;0
Florian Baak;0
Paul Dummett;0
Florian Mayer;0
Marvin Friedrich;0
Amos Pieper;0
Stefan Bell;0
Simon Terodde;0
Sebastian Polter;0
Luca Kilian;0
Christian Strohdiek;0
Benjamin Hübner;0
Alexander Hack;0
Robert Glatzel;0
Florian Hübner;0
Steffen Tigges;0
Ahmet Gürleyen;0
Davie Selke;0
Kevin Vogt;0
Sandro Wagner;0
Tim Kleindienst;0
Fabian Klos;0
Niklas Süle;0
Jonathan Tah;1
Julian Chabot;0
Jonjo Shelvey;0
Hendrik Weydandt;0
Patrick Erras;0
Lasse Sobiech;0
Alexander Meier;0
Yann Aurel Bisseck;1
Nick Woltemade;0
Andreas Beck;0
Mohamed Diamé;1
Giorgi Kochorashvili;0
Levan Mchedlidze;0
Ablie Jallow;1
Musa Juwara;1
Ebrima Colley;1
Musa Barrow;1
Emil Krafth;0
Bakery Jatta;1
Omar Colley;1
Johann Obiang;1
Denis Bouanga;1
Pierre-Emerick Aubameyang;1
Ludovic Baal;1
Kévin Rimane;1
Yoann Salmier;1
Kalidou Sidibé;1
Till Cissokho;1
Salomón Rondón;1
Frédéric Sammaritano;0
Rafik Guitane;0
Jimmy Cabot;0
Arthur Zagre;1
Fabian Schär;0
Vincent Koziello;0
Maxence Rivera;0
Jonathan Delaplace;0
Florent Balmont;0
Tony Mauricio;0
Bryan Pelé;0
Moussa Diaby;1
Wissam Ben Yedder;1
Colin Dagba;1
Faitout Maouassa;1
Jean-Ricner Bellegarde;0
Isaac Hayden;0
Arnaud Nordin;1
Enzo Le Fée;0
Samuel Grandsir;0
Franck Ribéry;0
Nicolas Benezet;1
Yassine Benrahou;1
Corentin Jean;0
Laurent Abergel;0
Julian Palmieri;0
Vincent Nogueira;0
Romain Philippoteaux;0
Jean-Luc Dompé;0
Gauthier Hein;0
Noah Fatar;0
Cheick Souaré;1
Thomas Lemar;1
Rémy Cabella;0
Téji Savanier;0
Wesley Saïd;1
Marvin Martin;0
Bryan Mbeumo;1
Nicolas Janvier;0
Florian Chabrolle;0
Valentin Rongier;0
Ruben Aguilar;0
Kévin Gameiro;0
Romain Del Castillo;0
Jordan Ferri;0
Yoann Court;0
Jules Iloki;1
Islam Slimani;0
Christopher Rocchia;0
Hugo Magnetti;0
Bilal Boutobba;0
Sylvain Marveaux;1
Quentin Cornette;0
Thibault Giresse;0
Nabil Fekir;0
Jamaal Lascelles;1
Ciaran Clark;0
Allan Saint-Maximin;1
Adrien Truffert;0
Romain Perraud;0
Melvin Bard;0
Yoël Armougom;0
Lassana Diarra;1
Florian Lejeune;0
Stéphane Diarra;1
Onel Hernández;1
Vincent Laurini;0
Julien Faussurier;0
Moritz Leitner;0
Eddy Sylvestre;0
Julien Ielsch;0
Todd Cantwell;0
Max Aarons;0
Teemu Pukki;0
Maxence Caqueret;0
Kenny McLean;0
Alexis Claude-Maurice;1
Rémi Walter;0
Quentin Boisgard;0
Patrice Evra;1
Tom Trybull;0
Alexander Tettey;1
Salim Ben Seghir;0
Sanasi Sy;1
Houssem Aouar;0
Grant Hanley;0
Akin Famewo;1
Marco Stiepermann;0
Christopher Nkunku;1
Adam Idah;1
Jonathan Bamba;1
Dennis Srbeny;0
Blaise Matuidi;1
Dimitri Payet;1
Jérôme Roussillon;1
Christoph Zimmermann;0
Timm Klose;0
John Fleck;0
Oliver Norwood;0
Sofiane Diop;1
Max Lowe;0
Billy Sharp;0
Arnaud Kalimuendo;1
Florent Mollet;0
Ravel Morrison;1
Flavien Tait;0
Valentin Rosier;1
Mathieu Cafaro;0
Sofiane Alakouch;0
Tanguy Coulibaly;1
Alexis Trouillet;0
Mathias Autret;0
Romain Amalfitano;0
Bilal Benkhedim;0
Enzo Millot;0
Luke Freeman;0
Ben Osborn;0
Yann Jouffre;0
Fabien Lemoine;0
Jayden Bogle;0
George Baldock;0
Tom Lacoux;0
Youssef Maziz;0
Kieron Freeman;0
Ferris N'Goma;1
Étienne Didot;0
Rhian Brewster;1
Lamine Ghezali;1
Thibaut Vargas;0
Jack Robinson;0
Antoine Griezmann;0
Rayan Cherki;0
Jordan Amavi;1
Youssouf Fofana;1
Enzo Loiodice;0
Sébastien Corchia;0
Vincent Manceau;0
Abdoul Kader Bamba;1
John Lundstram;0
Lucas Da Cunha;0
Bacary Sagna;1
Kévin Bérigaud;0
Jordan Veretout;0
Francis Coquelin;0
Benjamin Bourigeaud;0
Adrien Thomasson;0
Yannis Salibur;1
Ethan Ampadu;1
Enda Stevens;0
Mathieu Debuchy;0
Isaac Lihadji;0
Lys Mousset;1
Jean-Victor Makengo;1
Ronaël Pierre-Gabriel;1
David McGoldrick;0
John Egan;0
Kean Bryan;0
Antoine Bernede;1
Jonathan Biabiany;1
Jordan Marié;0
Marley Aké;1
Vincent Le Goff;0
Kelyan Guessoum;0
Gaëtan Belaud;0
Roli Pereira de Sa;0
Wesley Moustache;1
Ousmane Dembélé;1
Kylian Mbappé;1
Oliver McBurnie;0
Jack Rodwell;0
Jules Koundé;1
Kenny Lala;1
Jonathan Clauss;0
Antonin Bobichon;0
Mahdi Camara;1
Yann Gboho;1
Nicolas Cozza;0
Leon Clarke;0
Yoric Ravet;0
Clément Michelin;0
Han-Noah Massengo;1
Jessy Deminguet;0
Chris Basham;0
Matthieu Udol;1
Sacha Boey;1
Franck Tabanou;0
Thierry Ambrose;1
Yoann Andreu;0
Karim Azamoum;1
Daniel Jebbison;1
Bandiougou Fadiga;1
Jack O'Connell;0
Sander Berge;0
Evens Joseph;0
Michael Obafemi;1
Cédric Soares;0
Yannick Cahuzac;0
Mathieu Flamini;0
Anthony Gonçalves;0
Christophe Jallet;0
Edouard Michut;0
Morgan Amalfitano;0
Vincent Bessat;0
Steven Davis;0
Amine Adli;1
Alexandre Lauray;0
Benjamin Nivet;0
Gaoussou Traoré;1
Kyle Walker-Peters;1
Florian Thauvin;0
Rayan Aït Nouri;1
Joris Chotard;0
Pierre Kalulu;1
Adrien Hunou;0
Hatem Ben Arfa;1
Lenny Pintor;0
Maxime Poundjé;1
Arnaud Souquet;0
Xavier Chavalerin;0
Romain Hamouma;0
Aimen Moueffek;0
Dennis Appiah;1
Florian Miguel;0
William Vainqueur;1
Benjamin Corgnet;0
Dilane Bakwa;1
Emmanuel Bourgaud;0
Malo Gusto;0
Sambou Sissoko;1
Adil Taoui;0
Kingsley Coman;1
Ferland Mendy;1
Morgan Sanson;0
Jean-Kévin Augustin;1
Benjamin André;0
Wylan Cyprien;1
Ludovic Blas;1
Romain Faivre;0
Amine Gouiri;0
Nathan Redmond;1
Benjamin Stambouli;0
Valère Germain;0
Mounir Chouiar;1
Franck Honorat;0
Kelvin Amian;1
Jonathan Schmid;0
Andy Pelmard;0
Jonathan Gradit;0
Olivier Ntcham;1
Vincent Pajot;1
Arnaud Lusamba;1
Billy Ketkeophomphone;1
Thomas Delaine;0
Warren Tchimbembé;1
Steven Moreira;1
Bryan Soumaré;1
Vincent Marcel;1
Wilson Isidor;1
Gaëtan Laborde;0
Corentin Tolisso;1
Adil Aouchiche;0
Brandon Soppy;1
Renaud Ripart;0
Valentin Eysseric;0
Enock Kwateng;1
Loïc Perrin;0
Moussa Sylla;1
Olivier Boscagli;0
Julien Serrano;0
Pierrick Capelle;0
Abdoulaye Dabo;1
Renaud Cohade;0
Jérémy Grimm;0
Charly Charrier;0
Albert Lottin;1
Jérémy Pied;0
Clément Vidal;0
Théo Sainte-Luce;0
Brighton Labeau;0
Eduardo Camavinga;1
Samuel Umtiti;1
Djibril Sidibé;1
Malang Sarr;1
Joris Gnagnon;1
Layvin Kurzawa;1
Yann M'Vila;1
Nathan Tella;1
Fabien Centonze;0
Myziane Maolida;1
Zaydou Youssouf;1
Nicolas de Préville;0
Georginio Rutter;0
Nolan Roux;0
Pablo Martinez;0
Lionel Carole;1
Théo Pellenard;0
Emmanuel Rivière;0
Jonathan Martins Pereira;0
Gaëtan Paquiez;0
Loïc Puyo;0
Takumi Minamino;1
Jonathan Rivierez;0
Marvin Gakpa;1
Farès Bahlouli;0
Nathan N'Goumou;1
Cédric Varrault;0
Yanis Ammour;1
Moussa Dembélé;1
Baptiste Santamaria;0
Josh Sims;0
Angelo Fulgini;0
Jérémy Gélin;0
Sofiane Boufal;1
Ibrahim Amadou;1
Junior Dina Ebimbe;1
Grégory Sertic;0
Kévin Théophile-Catherine;1
James Ward-Prowse;0
Dimitri Foulquier;1
Thomas Mangani;0
Moussa Djenepo;1
Benjamin Jeannot;0
Danny Ings;0
Jimmy Briand;1
Mohamed Elyounoussi;0
Christophe Kerbrat;0
Ibrahima Diallo;1
Ihsan Sacko;1
Naouirou Ahamada;1
Thomas Heurtaux;0
Ryan Bertrand;1
Pierre-Yves Polomat;0
Che Adams;1
Mathieu Deplagne;0
Jérémy Sorbon;1
Shane Long;0
Marco Majouga;1
Yan Valery;0
Stéphane Darbion;0
Mamadou Doucouré;1
Moussa Diarra;1
Sam McQueen;0
Mickaël Panos;0
Oriol Romeu;0
Sekou Baradji;1
Lucas Hernández;0
Stuart Armstrong;0
Boubacar Kamara;1
Karim Benzema;0
Mario Lemina;1
Theo Hernández;0
Jeff Reine-Adélaïde;1
Martin Terrier;0
Alexis Blin;0
Jack Stephens;0
Damien Da Silva;0
Anthony Caci;0
Manolo Gabbiadini;0
Jonas Martin;0
Enzo Crivelli;0
Jean-Kevin Duverne;1
Wesley Hoedt;0
Thomas Monconduit;0
Jordan Lefort;0
Mapou Yanga-Mbiwa;1
Marcus Coco;1
Lilian Brassier;1
Dimitri Liénard;0
Charlie Austin;0
Kévin Monnet-Paquet;1
Florian Ayé;1
Houboulang Mendes;1
Jimmy Giraudon;0
Jan Bednarek;0
Mickaël Le Bihan;1
Guessouma Fofana;1
Maya Yoshida;1
Romain Danzé;0
Gaëtan Bussmann;0
Nicolas Frey;0
Lucas Tousart;0
Sam Gallagher;0
Aurélien Tchouaméni;1
Willem Geubbels;0
Jannik Vestergaard;0
Yann Karamoh;1
Bafodé Diakité;1
Irvin Cardona;0
Junior Sambia;1
Kévin N'Doram;1
Loïc Rémy;1
Timothée Kolodziejczak;0
Kouadio Koné;1
Lucien Agoume;1
Joe Allen;0
Brendan Chardonnet;0
Julien Laporte;0
Paul Baysse;0
Yoann Gourcuff;0
Wilfried Kanga;1
Enzo Ebosse;1
Mehdi Merghem;1
Zinédine Machach;1
Daniel Congré;1
Jérôme Hergault;0
Jordan Tell;0
Clément Lenglet;0
Dayot Upamecano;1
Benjamin Pavard;0
Adama Soumaoro;1
Yacine Adli;1
Clément Grenier;0
Mehdi Léris;1
Paul Lasne;0
Sloan Privat;0
Pierrick Valdivia;0
Bridge Ndilu;1
David Alcibiade;1
Nordi Mukiele;1
Robin Le Normand;0
Mohamed Simakan;1
Soualiho Meïté;1
Randal Kolo Muani;1
Maxime Gonalons;0
Loïc Mbe Soh;1
Damien Le Tallec;0
Lamine Fomba;1
Anthony Modeste;1
Charles Abi;1
Modibo Sagnan;1
Florian Sotoca;1
Lucas Perrin;0
Thomas Basila;0
Nicolas Isimat-Mirin;1
Samuel Souprayen;1
Grejohn Kyei;1
Giulian Biancone;0
Julien Féret;0
Samy Benchama;1
Jérémy Blayac;0
Michel Ndary Adopo;1
Adrien Rabiot;0
Boubakary Soumaré;1
Josuha Guilavogui;1
Abdoulaye Touré;1
Eddy Gnahoré;1
Yann Bodiger;1
Lucas Deaux;0
Gaëtan Charbonnier;0
Clément Depres;0
François Bellugou;1
Mouhamadou Drammeh;1
Stephen Ireland;0
Tom Edwards;0
Jesé;0
Bastian Badu;1
Mamoudou Karamoko;1
Najib Gandi;1
Saido Berahino;1
Badou Ndiaye;1
Tiemoué Bakayoko;1
Josh Tymon;0
Presnel Kimpembe;1
Pape Gueye;1
Nicolas Pallois;0
Moritz Bauer;0
Pierre-Yves Hamel;0
Simon Banza;1
Ibrahim Afellay;0
Jérémy Le Douaron;0
Cyril Théréau;0
Aly Ndom;1
Florent Poulolo;1
Maxence Lacroix;1
Axel Disasi;1
Jean-Clair Todibo;1
Sebastien De Maio;0
Glen Johnson;0
Mathieu Bodmer;0
Ramadan Sobhi;0
Raphaël Varane;1
Adil Rami;0
Erik Pieters;0
Malik Tchokounté;1
Batista Mendy;1
Darren Fletcher;0
Gautier Lloris;0
Josué Homawoo;1
Marcus Thuram;1
Bruno Martins Indi;1
Jean-Philippe Mateta;1
Charlie Adam;0
Mouctar Diakhaby;1
Ronny Rodelin;1
Loïck Landre;1
Oumar Solet;1
William Saliba;1
Ibrahima Sissoko;1
Chrislain Matsima;1
Romain Thomas;0
Julien Ngoy;1
Ibrahima Konaté;1
Benoît Badiashile;1
Kevin Wimmer;0
Gerzino Nyamsi;1
Geoff Cameron;0
Yaya Sanogo;1
Zinédine Ould Khaled;1
Dan-Axel Zagadou;1
Ryan Shawcross;1
Steven Nzonzi;1
Christopher Jullien;1
Nathaël Julan;1
Jacques Siwe;1
Simon Skrabb;0
Timo Stavitski;0
Fredrik Jensen;0
Niklas Moisander;0
Joel Pohjanpalo;0
Sauli Väisänen;0
Jóan Símun Edmundsson;0
Georgi Tunjov;0
Carlos Akapo;1
Aridane Hernández;1
Patrick Roberts;0
Reiss Nelson;1
Jonjoe Kenny;0
Ryan Kent;0
Sheyi Ojo;0
Kaylen Hinds;0
Jadon Sancho;1
Eric Maxim Choupo-Moting;0
Mandela Egbo;1
Lewis Baker;1
Stephy Mavididi;1
Peter Crouch;0
Jonathan Panzo;1
Jude Bellingham;1
Antony Evans;0
Ben Wilmot;0
Trevoh Chalobah;1
Omar Marmoush;0
Jefferson Montero;1
Carlos Gruezo;1
Pervis Estupiñán;1
Aníbal Chalá;1
Felipe Caicedo;1
Stiven Plaza;1
Nathan Dyer;0
Riza Durmisi;0
Uffe Bech;0
Leon Britton;0
Wayne Routledge;1
Michael Krohn-Dehli;0
Pione Sisto;0
Mads Pedersen;0
Andrew Hjulsager;0
Martin Braithwaite;0
Daniel Wass;0
Lasse Schöne;0
Jacob Barrett Laursen;0
Mikkel Damsgaard;0
Jens Stryger Larsen;0
Mathias Jensen;0
Peter Ankersen;0
Viktor Fischer;0
Thomas Delaney;0
Jacob Bruun Larsen;0
Robert Skov;0
Nikolas Nartey;0
Kasper Dolberg;0
Andreas Skov Olsen;0
Marcus Ingvartsen;0
Lukas Lerager;0
Jens Odgaard;0
Jacob Rasmussen;0
Yussuf Poulsen;1
Joachim Andersen;0
Andreas Cornelius;0
Emil Berggreen;0
Chadrac Akolo;1
Gaël Kakuta;1
Samuel Moutoussamy;1
Harrison Manzala;1
Jordan Ikoko;1
Yoane Wissa;1
Cédric Bakambu;1
Anthony Walongwa;1
Omenuke Mfulu;1
Giannelli Imbula;1
Marcel Tisserand;1
Jan Morávek;1
Theodor Gebre Selassie;1
Jakub Jankto;1
Patrik Schick;1
Grigoris Kastanos;0
Charlison Benschop;1
Davor Lovren;0
Josip Brekalo;0
Marko Rog;0
Petar Brlek;0
Darijo Srna;0
Tin Jedvaj;0
Borna Sosa;0
Marko Pjaca;0
Milan Badelj;0
Bosko Sutalo;0
Josip Elez;0
Antonio Mance;0
Ante Budimir;0
Ivan Santini;0
Roque Mesa;0
Luciano Narsingh;1
Connor Roberts;0
Petar Musa;0
André Ayew;1
Tom Carroll;0
Stipe Perica;0
Sam Clucas;0
Martin Erlic;0
Martin Olsson;0
Joel Campbell;1
Celso Borges;0
Jay Fulton;0
Kyle Naughton;1
Giancarlo González;0
Jordan Ayew;1
Wilfried Bony;1
Alfie Mawson;0
Leroy Fer;1
Federico Fernández;0
Óscar Duarte;0
Mike van der Hoorn;0
Younn Zahary;1
Kyle Bartley;1
Stiven Mendoza;1
Lucas Moura;1
Kieran Trippier;0
Marlos Moreno;0
Juan Cuadrado;1
Danny Rose;1
Andrés Solano;0
Santiago Arias;0
Kevin Agudelo;0
Oliver Skipp;0
Luis Muriel;1
Roger Martínez;0
Andrés Tello;0
Brayan Vera;0
James Rodríguez;0
Serge Aurier;1
Giovani Lo Celso;0
Carlos Bacca;1
Helibelton Palacios;0
Juanjo Narváez;0
Harry Winks;0
Steven Bergwijn;1
Jeison Murillo;0
Juan Ferney Otero;0
Sergio Reguilón;0
Carlos Sánchez;0
Johan Mojica;0
Adrián Ramos;0
Juan Manuel Valencia;1
Luke Amos;0
Cristián Zapata;1
Damir Ceter;0
Jhon Córdoba;1
Ben Davies;0
Duván Zapata;1
Bernardo Espinosa;0
Charles Aránguiz;0
Christian Eriksen;0
Fabián Orellana;0
Gary Medel;0
Victor Wanyama;1
Manuel Iturra;0
Arturo Vidal;0
Gedson Fernandes;1
Luis Rojas;0
Miiko Albornoz;0
Erick Pulgar;0
Francisco Sierralta;0
Guillermo Maripán;0
Casimir Ninga;0
Geoffrey Kondogbia;1
Vincent Janssen;0
Kenny Rocha Santos;1
Steven Fortes;1
Jonathan David;1
Alphonso Davies;1
Wilfrid Kaptoum;1
Edgar Salli;1
Tristan Dingomé;1
Wilitty Younoussa;1
Japhet Tanganga;1
Clinton N'Jie;1
Ambroise Oyongo;1
Ahmad Ngouyamsa;1
Benoît Assou-Ekotto;1
Ignatius Ganago;1
Yvan Neyou;1
Paul-Georges Ntep;1
Henri Bedimo;1
Franck Evina;1
Kévin Soni;1
Karl Toko Ekambi;1
Mousa Dembélé;1
Stéphane Bahoken;1
Jean-Charles Castelletto;1
Georges Mandjeck;1
Franklin Wadja;1
Troy Parrott;0
Félix Eboa Eboa;1
Stéphane Mbia;1
Jean Onana;1
Davinson Sánchez;1
Harold Moukoudi;1
Jean-Claude Billong;1
Roger Assalé;1
Hassane Kamara;1
Max Gradel;1
Thomas Touré;1
Ghislain Konan;1
Hamed Junior Traorè;1
Siriki Sanogo;1
Maxwel Cornet;1
Gervinho;1
Seydou Doumbia;1
Giovanni Sio;1
Victorien Angban;1
Cheick Timite;1
Cheick Doukouré;1
Moussa Sissoko;1
Habib Maïga;1
Toby Alderweireld;0
Paul Akouokou;1
Abdoulaye Bamba;1
Christian Kouakou;1
Nicolas Pépé;1
Franck Kessié;1
Seko Fofana;1
Kouadio-Yves Dabila;1
Souleyman Doumbia;1
Ismaël Diomandé;1
Koffi Djidji;1
Salomon Kalou;1
Ismaël Traoré;1
Christian Kouamé;1
Ibrahim Cissé;1
Jean-Philippe Gbamin;1
Jean-Eudes Aholou;1
Idrissa Doumbia;1
Juan Foyth;0
Dele Alli;1
Lamine Koné;1
Wilfried Singo;1
Ibrahim Sangaré;1
Abou Ouattara;1
Préjuce Nakoulma;1
Steeve Yago;1
Bertrand Traoré;1
Bryan Dabo;1
Bakary Koné;1
Eric Dier;0
Edmond Tapsoba;1
Harry Kane;0
Aleksandar Tonev;0
Kiril Despodov;0
Jan Vertonghen;0
Ilia Gruev;0
Valentin Antov;0
Carlos Vinícius;1
Joe Rodon;0
Andrey Galabinov;0
Hakim El Mokeddem;0
Malcom;1
Philippe Coutinho;1
Douglas Costa;1
Fernando Llorente;0
Kiko Femenía;0
Rafael;1
Gabriel Boschilia;0
Diego Farias;0
Dani Alves;1
Domingos Quina;0
Rafinha;1
Fábio;1
Tom Cleverley;0
Gerard Deulofeu;0
Allan;1
Paulo Otávio;1
Otávio;1
Everton Luiz;1
Rodrygo;1
Andre Gray;1
Marcelo;1
Guilherme;0
Ben Watson;0
Raffael;1
Neymar;1
Luiz Araújo;0
Douglas Santos;1
Léo Sena;0
Wendell;1
Adrian Mariappa;1
André Carrillo;1
William;1
Guilherme Arana;0
Thiago Mendes;1
Paulinho;1
Nathan;0
Jerome Sinclair;1
Renan Lodi;1
Roberto Pereyra;0
Rogério;0
Isaac Success;1
Abdoulaye Doucouré;1
Bruno Peres;1
Júnior Tavares;1
Troy Deeney;1
Lucas Felippe;1
Lucas Leiva;0
Will Hughes;0
Lucas Lima;1
Thiago Maia;0
Junior Messias;1
Gabriel Silva;1
Charles;1
Lucas Paquetá;1
Alex Sandro;1
Emerson;1
Luis Henrique;1
Iago;0
Jean Lucas;1
Lucas Evangelista;1
Somália;1
Bruno Guimarães;0
João Pedro;1
Marlon;0
Danilo Barbosa;1
Filipe Luís;0
André Ramalho;0
Lucas Piazon;0
Ryder Matos;1
Marquinhos;1
Thiago Silva;1
Nathaniel Chalobah;1
Léo Duarte;1
Daryl Janmaat;0
Matheus Fernandes;1
Jemerson;1
Danilo;1
Matheus Cunha;1
Gerson;1
Jorge;1
Ganso;0
Felipe Vizeu;1
Casemiro;1
Reinier;0
Juan Jesus;1
Sidnei;1
Tuta;1
Caiuby;1
Igor;1
Stefano Okaka;1
Danilo Avelar;1
Marvin Zeegelaar;1
Maurício;1
Christian Kabasele;1
Étienne Capoue;1
Felipe Curcio;1
Diego Carlos;1
Éder Militão;1
Joelinton;1
Craig Cathcart;0
Gabriel;1
Miranda;1
Miguel Britos;0
Andrei Girotto;1
Younès Kaboul;1
Robson Bambu;1
Leandro Castán;1
Eduardo Henrique;1
Alan Empereur;1
Luiz Felipe;0
Gabriel Paulista;1
Sebastian Prödl;0
Conor Townsend;0
Matheus Pereira;0
Romaine Sawyers;0
Luiz Gustavo;1
Callum Robinson;1
Lyanco;1
Vitor Hugo;1
Kyle Edwards;1
Ainsley Maitland-Niles;1
Deyverson;1
Sandro;1
Grady Diangana;1
Jake Livermore;1
Pablo;1
Walace;1
Hernani;1
Rodrigo Ely;1
Ewerton;0
Naldo;1
James McClean;0
Dória;0
Felipe;1
Willian José;0
Dante;1
Lucas Ribeiro;1
Luan Capanni;1
Wallace;1
Kamil Grosicki;0
Rodrigo Becão;0
Jonathas;0
Miralem Pjanic;0
Mato Jajalo;0
Kieran Gibbs;1
Amer Gojak;0
Kenan Kodro;0
Riad Bajic;0
Jaume Cuéllar;0
Stéphane Sessègnon;1
Conor Gallagher;0
Jonathan Tinhan;1
Claudio Yacob;0
Khaled Adénon;1
Matt Phillips;0
Emmanuel Imorou;1
Cebio Soukou;1
Olivier Verdon;1
Zakaria Bakkali;1
Dries Mertens;0
Benito Raman;1
Yassine El Ghanassy;1
Eliot Matazo;0
Thorgan Hazard;0
Birger Verstraete;0
Samuel Bastien;0
Radja Nainggolan;0
Maxime Lestienne;0
Karlan Grant;0
Jordan Lukaku;1
Anthony Limbombe;1
Thomas Foket;0
Stephane Omeonga;1
Orel Mangala;1
Alexis Saelemaekers;0
Darnell Furlong;0
James Morrison;0
Daam Foulon;1
Dennis Praet;0
Yannick Carrasco;0
Hal Robson-Kanu;1
Rekeem Harper;0
Maxime Busi;0
Gareth Barry;0
Aaron Leya Iseka;1
Joris Kayembe;1
Thibault De Smet;0
Thomas Vermaelen;0
Grzegorz Krychowiak;0
Nathan de Medina;0
Jason Denayer;1
Laurent Ciman;0
Landry Dimata;1
Daouda Peeters;0
Adnan Januzaj;0
Renaud Emond;0
Nacer Chadli;1
Guillaume Gillet;0
Dodi Lukebakio;1
Chris Brunt;0
Wout Faes;0
Axel Witsel;1
Jonny Evans;0
Dedryck Boyata;1
Oliver Burke;0
Isaac Mbenza;1
Craig Dawson;0
Allan Nyom;1
Stef Peeters;0
Baptiste Guillaume;0
Thomas Meunier;0
Dara O'Shea;0
Sebastiaan Bornauw;0
Senna Miangue;1
Daan Dierckx;0
Noë Dussenne;0
Sasa Kalajdzic;0
Mbaye Diagne;1
Romano Schmid;0
Sam Field;0
Gareth McAuley;0
Semi Ajayi;1
Manuel Lanzini;0
Phillipp Mwene;1
Xaver Schlager;0
Stefan Lainer;0
Kevin Stöger;0
Florian Kainz;0
Aaron Cresswell;0
Saïd Benrahma;1
Marcel Sabitzer;0
Louis Schaub;0
Alessandro Schöpf;0
Hannes Wolf;0
David Alaba;1
Felipe Anderson;1
Konrad Laimer;0
Jarrod Bowen;0
Christoph Baumgartner;0
Valentino Lazaro;1
Dario Maresic;0
Georg Teigl;0
Martin Hinteregger;0
Ben Johnson;0
Josh Cullen;0
Julian Baumgartlinger;0
Lukas Jäger;0
Pablo Zabaleta;0
Martin Harnik;0
Georg Margreitter;0
Samir Nasri;0
Xande Silva;0
Florian Grillitsch;0
João Mário;1
Arthur Masuaku;1
Michail Antonio;1
Guido Burgstaller;0
Mark Noble;0
Marco Friedl;0
Manuel Prietl;0
Christian Gebauer;0
Ryan Fredericks;1
Stefan Posch;0
Maximilian Wöber;0
Flavius Daniliuc;0
Robert Snodgrass;0
Karim Onisiwo;0
Philipp Lienhart;0
Stefan Ilsanker;0
Christopher Trimmel;0
Kevin Danso;0
Michael Gregoritsch;0
Brandon Borrello;0
Mathew Leckie;0
Ajdin Hrustic;0
George Timotheou;0
Sargis Adamyan;0
Jordan Hugill;0
Pablo Piatti;0
Pablo de Blasis;0
Papu Gómez;0
Santiago Ascacíbar;0
Matías Vargas;0
Lionel Messi;0
Gonzalo Maroni;0
Ángel Correa;0
Albian Ajeti;0
Marcos Acuña;0
Brian Fernández;0
Walter Montoya;0
Gerónimo Poblete;0
Lautaro Martínez;0
Éver Banega;0
Javier Mascherano;0
Ricardo Centurión;0
Sam Byram;0
Nahuel Molina;0
Jeremy Ngakia;1
Valentín Vada;0
Esteban Rolón;0
Augusto Solari;0
Rodrigo Palacio;0
Declan Rice;0
Franco Zuculini;0
Paulo Dybala;0
Pedro Obiang;1
Exequiel Palacios;0
Darío Benedetto;0
Augusto Fernández;0
Lucas Biglia;0
Jonathan Silva;0
Juan Brunetta;0
Diego Perotti;0
Nicolás Domínguez;0
Facundo Roncaglia;0
Emanuel Cecchini;0
Leandro Paredes;0
Ángel Di María;0
Nicolás González;0
Ignacio Pussetto;0
Santiago Cáseres;0
Emiliano Rigoni;0
Sergio Araujo;0
Óscar Trejo;0
Fabián Balbuena;0
James Collins;0
Hernán Toledo;0
Cheikhou Kouyaté;1
Mauro Icardi;0
Giovanni Simeone;0
Sébastien Haller;1
Reece Oxford;1
Angelo Ogbonna;1
Winston Reid;1
Jonathan Calleri;0
Cristian Ansaldi;0
Emiliano Insúa;0
José Fonte;0
Andy Carroll;0
Gabriel Mercado;0
Ezequiel Ponce;0
Issa Diop;1
Nahuel Estévez;0
Daniel Podence;0
Nicolás Pareja;0
Mateo Musacchio;0
Lucas Castro;0
Gonzalo Escalante;0
Iván Marcone;0
Bruno Zuculini;0
Pedro Neto;0
Gustavo Cabral;0
Damián Musto;0
Santiago Gentiletti;0
Lucas Martínez Quarta;0
Facundo Ferreyra;0
Lucas Boyé;0
Nicolás Burdisso;0
Facundo Medina;0
Nehuén Pérez;0
Guido Rodríguez;0
Lucas Alario;0
Cristian Romero;0
Lisandro Magallán;0
Pablo Chavarría;0
Matías Silvestre;0
Martín Mantovani;0
Guido Pizarro;0
Ezequiel Muñoz;0
Lucas Ocampos;0
Vitinha;0
Germán Pezzella;0
Franco Vázquez;0
Ivan Cavaleiro;0
Javier Pastore;0
Rúben Vinagre;0
Emiliano Sala;0
Leonardo Balerdi;0
Lisandro López;0
Adama Traoré;1
Rodrigo Battaglia;0
Morgan Gibbs-White;1
Ezequiel Garay;0
Joaquín Correa;0
José Luis Palomino;0
Hélder Costa;0
Rúben Neves;0
David Abraham;0
Lautaro Valenti;0
Bruno Jordão;0
Mauro dos Santos;0
Ki-Jana Hoever;1
Conor Coady;0
Adolfo Gaich;0
Guido Carrillo;0
Esteban Burgos;0
Nehuén Paz;0
Maxi López;0
Franco Di Santo;0
Nicolás Spolli;0
Gabriel Peñalba;0
Federico Fazio;0
Bastos;1
Bruno Gaspar;1
Anderson Lucoqui;1
Fábio Silva;0
M'Bala Nzola;1
Matt Doherty;0
Farid El Melali;1
Léo Bonatini;0
Adam Ounas;1
Raúl Jiménez;0
Leander Dendoncker;0
Ismaël Bennacer;0
Romain Saïss;1
Hicham Boudaoui;1
Ryan Bennett;0
Féthi Harek;1
Mehdi Zeffane;1
Mehdi Lacen;1
Ryad Boudebouz;1
Haris Belkebla;1
Yassine Benzia;1
Mehdi Abeid;1
Zinedine Ferhat;1
Farid Boulaya;1
Idriss Saadi;1
Andy Delort;0
Mohamed Fares;1
Faouzi Ghoulam;1
Aïssa Mandi;1
Ramy Bensebaini;0
Mehdi Zerkane;1
Nabil Bentaleb;1
Ishak Belfodil;1
Karim Aribi;1
Mehdi Tahrat;1
Amir Abrashi;0
Iván Balliu;0
Ledian Memushaj;0
Elseid Hysaj;0
Owen Otasowie;1
Max Kilman;0
Willy Boly;1
Arlind Ajeti;0
Ardian Ismajli;0
Armando Sadiku;0
Meritan Shabani;0
Giacomo Vrioni;0
Emanuele Ndoj;0
Berat Djimsiti;0
Klaus Gjasula;0
Marash Kumbulla;0
Kastriot Dermaku;0
Christian Rutjens;0
Claudio Beauvue;1
Mickaël Alphonse;1
Matthias Phaeton;1
Jérémy Cordoval;1
